frame,timestamp,stroke,confidence
5,0.16666666666666666,Neutral,0.99
6,0.2,Neutral,1.0
7,0.23333333333333334,Neutral,1.0
8,0.26666666666666666,Neutral,1.0
9,0.3,Neutral,1.0
10,0.3333333333333333,Neutral,1.0
11,0.36666666666666664,Neutral,1.0
12,0.4,Neutral,1.0
13,0.43333333333333335,Neutral,0.98
14,0.4666666666666667,Neutral,0.99
15,0.5,Neutral,0.98
16,0.5333333333333333,Neutral,0.98
17,0.5666666666666667,Neutral,0.93
18,0.6,Neutral,0.95
19,0.6333333333333333,Neutral,0.92
20,0.6666666666666666,Neutral,0.94
21,0.7,Neutral,0.94
22,0.7333333333333333,Neutral,0.95
23,0.7666666666666667,Neutral,1.0
24,0.8,Neutral,1.0
25,0.8333333333333334,Neutral,1.0
26,0.8666666666666667,Neutral,1.0
27,0.9,Neutral,1.0
28,0.9333333333333333,Neutral,0.99
29,0.9666666666666667,Neutral,0.97
30,1.0,Neutral,0.99
31,1.0333333333333334,Neutral,0.98
32,1.0666666666666667,Neutral,0.98
33,1.1,Neutral,0.99
34,1.1333333333333333,Neutral,0.99
35,1.1666666666666667,Neutral,0.98
36,1.2,Neutral,0.98
37,1.2333333333333334,Neutral,1.0
38,1.2666666666666666,Neutral,0.99
39,1.3,Neutral,0.98
40,1.3333333333333333,Neutral,0.98
41,1.3666666666666667,Neutral,0.99
42,1.4,Neutral,0.96
43,1.4333333333333333,Neutral,1.0
44,1.4666666666666666,Neutral,0.98
45,1.5,Neutral,0.99
46,1.5333333333333334,Neutral,0.9
47,1.5666666666666667,Neutral,0.93
48,1.6,Neutral,0.77
49,1.6333333333333333,Neutral,0.75
50,1.6666666666666667,Neutral,0.75
51,1.7,Neutral,0.81
52,1.7333333333333334,Neutral,0.73
53,1.7666666666666666,Neutral,0.73
54,1.8,Serve,0.83
55,1.8333333333333333,Serve,0.93
56,1.8666666666666667,Serve,0.96
57,1.9,Serve,0.98
58,1.9333333333333333,Serve,1.0
59,1.9666666666666666,Serve,0.99
60,2.0,Serve,1.0
61,2.033333333333333,Serve,1.0
62,2.066666666666667,Serve,0.99
63,2.1,Serve,1.0
64,2.1333333333333333,Serve,1.0
65,2.1666666666666665,Serve,0.96
66,2.2,Serve,0.98
67,2.2333333333333334,Serve,0.97
68,2.2666666666666666,Serve,0.71
69,2.3,Serve,0.86
70,2.3333333333333335,Neutral,0.51
71,2.3666666666666667,Serve,0.75
72,2.4,Serve,0.81
73,2.433333333333333,Serve,0.85
74,2.466666666666667,Serve,0.75
75,2.5,Serve,0.9
76,2.533333333333333,Serve,0.85
77,2.566666666666667,Serve,0.96
78,2.6,Serve,0.78
79,2.6333333333333333,Serve,0.94
80,2.6666666666666665,Serve,0.95
81,2.7,Serve,0.97
82,2.7333333333333334,Serve,0.98
83,2.7666666666666666,Serve,0.97
84,2.8,Serve,0.91
85,2.8333333333333335,Serve,0.87
86,2.8666666666666667,Serve,0.94
87,2.9,Serve,0.87
88,2.933333333333333,Serve,0.92
89,2.966666666666667,Serve,0.89
90,3.0,Serve,0.93
91,3.033333333333333,Serve,0.94
92,3.066666666666667,Serve,0.91
93,3.1,Serve,0.78
94,3.1333333333333333,Serve,0.8
95,3.1666666666666665,Serve,0.79
96,3.2,Serve,0.8
97,3.2333333333333334,Serve,0.87
98,3.2666666666666666,Serve,0.62
99,3.3,Serve,0.73
100,3.3333333333333335,Neutral,0.77
101,3.3666666666666667,Neutral,0.79
102,3.4,Neutral,0.91
103,3.433333333333333,Neutral,0.83
104,3.466666666666667,Forehand,0.71
105,3.5,Forehand,0.64
106,3.533333333333333,Forehand,0.5
107,3.566666666666667,Forehand,0.59
108,3.6,Forehand,0.83
109,3.6333333333333333,Forehand,0.88
110,3.6666666666666665,Forehand,0.84
111,3.7,Forehand,0.79
112,3.7333333333333334,Forehand,0.41
113,3.7666666666666666,Forehand,0.44
114,3.8,Forehand,0.63
115,3.8333333333333335,Forehand,0.65
116,3.8666666666666667,Forehand,0.8
117,3.9,Forehand,0.82
118,3.933333333333333,Forehand,0.62
119,3.966666666666667,Forehand,0.67
120,4.0,Forehand,0.71
121,4.033333333333333,Forehand,0.82
122,4.066666666666666,Forehand,0.78
123,4.1,Forehand,0.83
124,4.133333333333334,Forehand,0.9
125,4.166666666666667,Forehand,0.83
126,4.2,Forehand,0.83
127,4.233333333333333,Forehand,0.77
128,4.266666666666667,Forehand,0.8
129,4.3,Forehand,0.76
130,4.333333333333333,Forehand,0.92
131,4.366666666666666,Forehand,0.91
132,4.4,Forehand,0.95
133,4.433333333333334,Forehand,0.9
134,4.466666666666667,Forehand,0.81
135,4.5,Neutral,0.71
136,4.533333333333333,Neutral,0.75
139,4.633333333333334,Neutral,0.98
140,4.666666666666667,Neutral,0.98
141,4.7,Neutral,1.0
142,4.733333333333333,Neutral,0.98
143,4.766666666666667,Neutral,1.0
144,4.8,Neutral,0.98
145,4.833333333333333,Neutral,0.99
146,4.866666666666666,Neutral,0.98
147,4.9,Neutral,0.98
148,4.933333333333334,Neutral,0.97
149,4.966666666666667,Neutral,1.0
150,5.0,Neutral,0.98
151,5.033333333333333,Neutral,0.97
152,5.066666666666666,Neutral,0.98
153,5.1,Neutral,0.98
154,5.133333333333334,Neutral,0.98
155,5.166666666666667,Neutral,0.98
156,5.2,Neutral,0.96
157,5.233333333333333,Neutral,0.98
158,5.266666666666667,Neutral,0.93
159,5.3,Neutral,1.0
160,5.333333333333333,Neutral,0.98
161,5.366666666666666,Neutral,1.0
162,5.4,Neutral,1.0
163,5.433333333333334,Neutral,0.97
164,5.466666666666667,Neutral,0.97
165,5.5,Neutral,0.99
166,5.533333333333333,Neutral,0.97
167,5.566666666666666,Neutral,1.0
168,5.6,Neutral,1.0
169,5.633333333333334,Neutral,1.0
170,5.666666666666667,Neutral,0.99
171,5.7,Neutral,1.0
172,5.733333333333333,Neutral,1.0
173,5.766666666666667,Neutral,1.0
174,5.8,Neutral,1.0
175,5.833333333333333,Neutral,0.97
176,5.866666666666666,Neutral,0.98
177,5.9,Neutral,1.0
178,5.933333333333334,Neutral,1.0
179,5.966666666666667,Neutral,1.0
180,6.0,Neutral,0.99
181,6.033333333333333,Neutral,0.98
182,6.066666666666666,Neutral,0.97
183,6.1,Neutral,0.98
184,6.133333333333334,Neutral,1.0
185,6.166666666666667,Neutral,1.0
186,6.2,Neutral,1.0
187,6.233333333333333,Neutral,1.0
188,6.266666666666667,Neutral,0.97
189,6.3,Neutral,0.99
190,6.333333333333333,Neutral,1.0
191,6.366666666666666,Neutral,1.0
192,6.4,Neutral,0.98
193,6.433333333333334,Neutral,1.0
194,6.466666666666667,Neutral,1.0
195,6.5,Neutral,0.98
196,6.533333333333333,Neutral,1.0
197,6.566666666666666,Neutral,0.99
198,6.6,Neutral,1.0
199,6.633333333333334,Neutral,0.99
200,6.666666666666667,Neutral,0.99
201,6.7,Neutral,0.99
202,6.733333333333333,Neutral,0.99
203,6.766666666666667,Neutral,0.99
204,6.8,Neutral,0.97
205,6.833333333333333,Neutral,0.99
206,6.866666666666666,Neutral,0.98
207,6.9,Neutral,1.0
208,6.933333333333334,Neutral,0.99
209,6.966666666666667,Neutral,1.0
210,7.0,Neutral,0.98
211,7.033333333333333,Neutral,1.0
212,7.066666666666666,Neutral,0.99
213,7.1,Neutral,1.0
214,7.133333333333334,Neutral,1.0
215,7.166666666666667,Neutral,0.98
216,7.2,Neutral,0.99
217,7.233333333333333,Neutral,0.98
218,7.266666666666667,Neutral,0.97
219,7.3,Neutral,1.0
220,7.333333333333333,Neutral,0.99
221,7.366666666666666,Neutral,0.99
222,7.4,Neutral,0.99
223,7.433333333333334,Neutral,1.0
224,7.466666666666667,Neutral,0.99
225,7.5,Neutral,1.0
226,7.533333333333333,Neutral,0.98
227,7.566666666666666,Neutral,0.97
228,7.6,Neutral,0.9
229,7.633333333333334,Neutral,0.97
230,7.666666666666667,Neutral,1.0
231,7.7,Neutral,0.98
232,7.733333333333333,Neutral,1.0
233,7.766666666666667,Neutral,1.0
234,7.8,Neutral,0.98
235,7.833333333333333,Neutral,0.98
236,7.866666666666666,Neutral,0.97
237,7.9,Neutral,0.97
238,7.933333333333334,Neutral,1.0
239,7.966666666666667,Neutral,1.0
240,8.0,Neutral,1.0
241,8.033333333333333,Neutral,1.0
242,8.066666666666666,Neutral,1.0
243,8.1,Neutral,1.0
244,8.133333333333333,Neutral,1.0
245,8.166666666666666,Neutral,1.0
246,8.2,Neutral,0.97
247,8.233333333333333,Neutral,0.97
248,8.266666666666667,Neutral,0.99
249,8.3,Neutral,0.99
250,8.333333333333334,Neutral,0.99
251,8.366666666666667,Neutral,0.98
252,8.4,Neutral,0.96
253,8.433333333333334,Neutral,0.94
254,8.466666666666667,Neutral,0.89
255,8.5,Neutral,0.91
256,8.533333333333333,Neutral,1.0
257,8.566666666666666,Neutral,1.0
258,8.6,Neutral,1.0
259,8.633333333333333,Neutral,0.99
260,8.666666666666666,Neutral,1.0
261,8.7,Neutral,1.0
262,8.733333333333333,Neutral,1.0
263,8.766666666666667,Neutral,1.0
264,8.8,Neutral,0.99
265,8.833333333333334,Neutral,0.99
266,8.866666666666667,Neutral,0.97
267,8.9,Neutral,0.99
268,8.933333333333334,Neutral,0.98
269,8.966666666666667,Neutral,0.97
270,9.0,Neutral,0.98
271,9.033333333333333,Neutral,0.99
272,9.066666666666666,Neutral,0.99
273,9.1,Neutral,0.99
274,9.133333333333333,Neutral,1.0
275,9.166666666666666,Neutral,1.0
276,9.2,Neutral,0.97
277,9.233333333333333,Neutral,0.98
278,9.266666666666667,Neutral,0.97
279,9.3,Neutral,0.98
280,9.333333333333334,Neutral,0.98
281,9.366666666666667,Neutral,1.0
282,9.4,Neutral,1.0
283,9.433333333333334,Neutral,0.98
284,9.466666666666667,Neutral,0.99
285,9.5,Neutral,0.99
286,9.533333333333333,Neutral,1.0
287,9.566666666666666,Neutral,1.0
288,9.6,Neutral,1.0
289,9.633333333333333,Neutral,1.0
290,9.666666666666666,Neutral,1.0
291,9.7,Neutral,0.99
292,9.733333333333333,Neutral,1.0
293,9.766666666666667,Neutral,0.99
294,9.8,Neutral,0.97
295,9.833333333333334,Neutral,0.99
296,9.866666666666667,Neutral,0.99
297,9.9,Neutral,1.0
298,9.933333333333334,Neutral,1.0
299,9.966666666666667,Neutral,0.98
300,10.0,Neutral,0.98
301,10.033333333333333,Neutral,0.99
302,10.066666666666666,Neutral,1.0
303,10.1,Neutral,0.98
304,10.133333333333333,Neutral,0.93
305,10.166666666666666,Neutral,0.93
306,10.2,Neutral,0.98
307,10.233333333333333,Neutral,0.97
308,10.266666666666667,Neutral,0.96
309,10.3,Neutral,1.0
310,10.333333333333334,Neutral,0.98
311,10.366666666666667,Neutral,0.98
312,10.4,Neutral,0.99
313,10.433333333333334,Neutral,0.98
314,10.466666666666667,Neutral,0.94
315,10.5,Neutral,0.96
316,10.533333333333333,Neutral,1.0
317,10.566666666666666,Neutral,1.0
318,10.6,Neutral,1.0
319,10.633333333333333,Neutral,0.99
320,10.666666666666666,Neutral,1.0
321,10.7,Neutral,0.99
322,10.733333333333333,Neutral,0.99
323,10.766666666666667,Neutral,0.99
324,10.8,Neutral,0.99
325,10.833333333333334,Neutral,0.93
326,10.866666666666667,Neutral,0.9
327,10.9,Neutral,0.91
328,10.933333333333334,Neutral,0.78
329,10.966666666666667,Neutral,0.87
330,11.0,Neutral,0.68
331,11.033333333333333,Neutral,0.77
332,11.066666666666666,Neutral,0.83
333,11.1,Neutral,0.95
334,11.133333333333333,Neutral,0.95
335,11.166666666666666,Neutral,0.96
336,11.2,Neutral,0.99
337,11.233333333333333,Neutral,0.96
338,11.266666666666667,Neutral,0.98
339,11.3,Neutral,0.97
340,11.333333333333334,Neutral,0.98
341,11.366666666666667,Neutral,0.97
342,11.4,Neutral,0.99
343,11.433333333333334,Neutral,0.98
344,11.466666666666667,Neutral,0.98
345,11.5,Neutral,0.98
346,11.533333333333333,Neutral,0.98
347,11.566666666666666,Neutral,0.97
348,11.6,Neutral,1.0
349,11.633333333333333,Neutral,1.0
350,11.666666666666666,Neutral,0.98
351,11.7,Neutral,0.95
352,11.733333333333333,Neutral,0.97
353,11.766666666666667,Neutral,0.95
354,11.8,Neutral,0.95
355,11.833333333333334,Neutral,1.0
356,11.866666666666667,Neutral,1.0
357,11.9,Neutral,0.99
358,11.933333333333334,Neutral,1.0
359,11.966666666666667,Neutral,1.0
360,12.0,Neutral,1.0
361,12.033333333333333,Neutral,1.0
362,12.066666666666666,Neutral,1.0
363,12.1,Neutral,1.0
364,12.133333333333333,Neutral,1.0
365,12.166666666666666,Neutral,0.99
366,12.2,Neutral,1.0
367,12.233333333333333,Neutral,1.0
368,12.266666666666667,Neutral,1.0
369,12.3,Neutral,1.0
370,12.333333333333334,Neutral,1.0
371,12.366666666666667,Neutral,1.0
372,12.4,Neutral,1.0
373,12.433333333333334,Neutral,1.0
374,12.466666666666667,Neutral,1.0
375,12.5,Neutral,0.99
376,12.533333333333333,Neutral,1.0
377,12.566666666666666,Neutral,1.0
378,12.6,Neutral,1.0
379,12.633333333333333,Neutral,1.0
380,12.666666666666666,Neutral,1.0
381,12.7,Neutral,1.0
382,12.733333333333333,Neutral,1.0
383,12.766666666666667,Neutral,0.99
384,12.8,Neutral,0.99
385,12.833333333333334,Neutral,0.94
386,12.866666666666667,Neutral,0.97
387,12.9,Neutral,0.96
388,12.933333333333334,Neutral,0.94
389,12.966666666666667,Neutral,0.96
390,13.0,Neutral,0.98
391,13.033333333333333,Neutral,0.97
392,13.066666666666666,Neutral,0.93
393,13.1,Neutral,0.97
394,13.133333333333333,Neutral,0.96
395,13.166666666666666,Neutral,0.99
396,13.2,Neutral,0.99
397,13.233333333333333,Neutral,0.94
398,13.266666666666667,Neutral,0.96
399,13.3,Neutral,0.99
400,13.333333333333334,Neutral,0.96
401,13.366666666666667,Neutral,0.97
402,13.4,Neutral,0.99
403,13.433333333333334,Neutral,0.99
404,13.466666666666667,Neutral,0.99
405,13.5,Neutral,0.98
406,13.533333333333333,Neutral,1.0
407,13.566666666666666,Neutral,1.0
408,13.6,Neutral,0.98
409,13.633333333333333,Neutral,0.99
410,13.666666666666666,Neutral,1.0
411,13.7,Neutral,1.0
412,13.733333333333333,Neutral,1.0
413,13.766666666666667,Neutral,0.99
414,13.8,Neutral,0.99
415,13.833333333333334,Neutral,0.99
416,13.866666666666667,Neutral,0.99
417,13.9,Neutral,0.97
418,13.933333333333334,Neutral,0.97
419,13.966666666666667,Neutral,1.0
420,14.0,Neutral,1.0
421,14.033333333333333,Neutral,1.0
422,14.066666666666666,Neutral,1.0
423,14.1,Neutral,1.0
424,14.133333333333333,Neutral,1.0
425,14.166666666666666,Neutral,0.99
426,14.2,Neutral,1.0
427,14.233333333333333,Neutral,1.0
428,14.266666666666667,Neutral,0.99
429,14.3,Neutral,0.99
430,14.333333333333334,Neutral,1.0
431,14.366666666666667,Neutral,1.0
432,14.4,Neutral,0.99
433,14.433333333333334,Neutral,0.99
434,14.466666666666667,Neutral,1.0
435,14.5,Neutral,1.0
436,14.533333333333333,Neutral,0.97
437,14.566666666666666,Neutral,0.99
438,14.6,Neutral,0.99
439,14.633333333333333,Neutral,1.0
440,14.666666666666666,Neutral,0.99
441,14.7,Neutral,1.0
442,14.733333333333333,Neutral,0.98
443,14.766666666666667,Neutral,0.98
444,14.8,Neutral,0.97
445,14.833333333333334,Neutral,0.96
446,14.866666666666667,Neutral,0.97
447,14.9,Neutral,0.99
448,14.933333333333334,Neutral,0.99
449,14.966666666666667,Neutral,0.99
450,15.0,Neutral,0.99
451,15.033333333333333,Neutral,0.96
452,15.066666666666666,Neutral,0.95
453,15.1,Neutral,0.98
454,15.133333333333333,Neutral,0.99
455,15.166666666666666,Neutral,0.96
456,15.2,Neutral,0.99
457,15.233333333333333,Neutral,1.0
458,15.266666666666667,Neutral,1.0
459,15.3,Neutral,1.0
460,15.333333333333334,Neutral,1.0
461,15.366666666666667,Neutral,1.0
462,15.4,Neutral,0.99
463,15.433333333333334,Neutral,1.0
464,15.466666666666667,Neutral,0.99
465,15.5,Neutral,1.0
466,15.533333333333333,Neutral,0.97
467,15.566666666666666,Neutral,1.0
468,15.6,Neutral,1.0
469,15.633333333333333,Neutral,1.0
470,15.666666666666666,Neutral,1.0
471,15.7,Neutral,1.0
472,15.733333333333333,Neutral,0.99
473,15.766666666666667,Neutral,0.99
474,15.8,Neutral,1.0
475,15.833333333333334,Neutral,0.99
476,15.866666666666667,Neutral,0.99
477,15.9,Neutral,1.0
478,15.933333333333334,Neutral,0.99
479,15.966666666666667,Neutral,0.94
480,16.0,Neutral,0.97
481,16.033333333333335,Neutral,0.99
482,16.066666666666666,Neutral,0.99
483,16.1,Neutral,0.99
484,16.133333333333333,Neutral,1.0
485,16.166666666666668,Neutral,1.0
486,16.2,Neutral,0.98
487,16.233333333333334,Neutral,0.98
488,16.266666666666666,Neutral,0.99
489,16.3,Neutral,0.98
490,16.333333333333332,Neutral,1.0
491,16.366666666666667,Neutral,1.0
492,16.4,Neutral,0.99
493,16.433333333333334,Neutral,1.0
494,16.466666666666665,Neutral,0.99
495,16.5,Neutral,1.0
496,16.533333333333335,Neutral,1.0
497,16.566666666666666,Neutral,1.0
498,16.6,Neutral,0.99
499,16.633333333333333,Neutral,1.0
500,16.666666666666668,Neutral,1.0
501,16.7,Neutral,1.0
502,16.733333333333334,Neutral,1.0
503,16.766666666666666,Neutral,1.0
504,16.8,Neutral,1.0
505,16.833333333333332,Neutral,1.0
506,16.866666666666667,Neutral,1.0
507,16.9,Neutral,1.0
508,16.933333333333334,Neutral,1.0
509,16.966666666666665,Neutral,1.0
510,17.0,Neutral,1.0
511,17.033333333333335,Neutral,1.0
512,17.066666666666666,Neutral,1.0
513,17.1,Neutral,1.0
514,17.133333333333333,Neutral,1.0
515,17.166666666666668,Neutral,1.0
516,17.2,Neutral,0.99
517,17.233333333333334,Neutral,1.0
518,17.266666666666666,Neutral,0.99
519,17.3,Neutral,1.0
520,17.333333333333332,Neutral,1.0
521,17.366666666666667,Neutral,0.99
522,17.4,Neutral,0.99
523,17.433333333333334,Neutral,0.99
524,17.466666666666665,Neutral,1.0
525,17.5,Neutral,0.96
526,17.533333333333335,Neutral,0.96
527,17.566666666666666,Neutral,0.89
528,17.6,Neutral,0.9
529,17.633333333333333,Neutral,0.78
530,17.666666666666668,Forehand,0.86
531,17.7,Forehand,0.92
532,17.733333333333334,Forehand,0.97
533,17.766666666666666,Forehand,0.91
534,17.8,Forehand,0.86
535,17.833333333333332,Forehand,0.76
536,17.866666666666667,Forehand,0.82
537,17.9,Forehand,0.58
538,17.933333333333334,Forehand,0.89
539,17.966666666666665,Forehand,0.84
540,18.0,Forehand,0.9
541,18.033333333333335,Forehand,0.81
542,18.066666666666666,Forehand,0.78
543,18.1,Forehand,0.89
544,18.133333333333333,Forehand,0.92
545,18.166666666666668,Forehand,0.85
546,18.2,Forehand,0.9
547,18.233333333333334,Forehand,0.9
548,18.266666666666666,Forehand,0.94
549,18.3,Forehand,0.88
550,18.333333333333332,Forehand,0.63
551,18.366666666666667,Forehand,0.59
552,18.4,Forehand,0.81
553,18.433333333333334,Forehand,0.93
554,18.466666666666665,Forehand,0.8
555,18.5,Neutral,0.48
556,18.533333333333335,Forehand,0.51
557,18.566666666666666,Forehand,0.79
558,18.6,Forehand,0.85
559,18.633333333333333,Forehand,0.75
560,18.666666666666668,Neutral,0.64
561,18.7,Neutral,0.87
562,18.733333333333334,Neutral,0.83
563,18.766666666666666,Neutral,0.95
564,18.8,Neutral,0.97
565,18.833333333333332,Neutral,0.97
566,18.866666666666667,Neutral,0.97
567,18.9,Neutral,0.98
568,18.933333333333334,Neutral,0.89
569,18.966666666666665,Neutral,0.97
570,19.0,Neutral,0.98
571,19.033333333333335,Neutral,0.85
572,19.066666666666666,Neutral,0.92
573,19.1,Neutral,0.97
574,19.133333333333333,Neutral,0.97
575,19.166666666666668,Neutral,0.97
576,19.2,Neutral,0.96
577,19.233333333333334,Neutral,0.96
578,19.266666666666666,Neutral,0.97
579,19.3,Neutral,0.96
580,19.333333333333332,Neutral,0.89
581,19.366666666666667,Neutral,0.8
582,19.4,Backhand,0.73
583,19.433333333333334,Backhand,0.71
584,19.466666666666665,Backhand,0.78
585,19.5,Backhand,0.91
586,19.533333333333335,Backhand,0.91
587,19.566666666666666,Backhand,0.95
588,19.6,Backhand,0.95
589,19.633333333333333,Backhand,0.91
590,19.666666666666668,Backhand,0.96
591,19.7,Backhand,0.95
592,19.733333333333334,Backhand,0.95
593,19.766666666666666,Backhand,0.95
594,19.8,Backhand,0.94
595,19.833333333333332,Backhand,0.94
596,19.866666666666667,Backhand,0.89
597,19.9,Backhand,0.94
598,19.933333333333334,Backhand,0.95
599,19.966666666666665,Backhand,0.98
600,20.0,Backhand,0.94
601,20.033333333333335,Backhand,0.96
602,20.066666666666666,Backhand,0.95
603,20.1,Backhand,0.93
604,20.133333333333333,Backhand,0.96
605,20.166666666666668,Backhand,0.87
606,20.2,Backhand,0.88
607,20.233333333333334,Backhand,0.91
608,20.266666666666666,Backhand,0.87
609,20.3,Backhand,0.86
610,20.333333333333332,Backhand,0.7
611,20.366666666666667,Neutral,0.64
612,20.4,Neutral,0.77
613,20.433333333333334,Neutral,0.93
614,20.466666666666665,Neutral,0.93
615,20.5,Neutral,0.97
616,20.533333333333335,Neutral,0.96
617,20.566666666666666,Neutral,0.96
618,20.6,Neutral,0.93
619,20.633333333333333,Neutral,0.95
620,20.666666666666668,Neutral,0.93
621,20.7,Neutral,0.95
622,20.733333333333334,Neutral,0.95
623,20.766666666666666,Neutral,0.97
624,20.8,Neutral,0.98
625,20.833333333333332,Neutral,0.98
626,20.866666666666667,Neutral,0.93
627,20.9,Neutral,0.9
628,20.933333333333334,Neutral,0.93
629,20.966666666666665,Neutral,0.85
630,21.0,Neutral,0.97
631,21.033333333333335,Neutral,0.93
632,21.066666666666666,Neutral,0.91
633,21.1,Neutral,0.87
634,21.133333333333333,Neutral,0.91
635,21.166666666666668,Neutral,0.95
636,21.2,Neutral,0.94
637,21.233333333333334,Neutral,0.97
638,21.266666666666666,Neutral,1.0
639,21.3,Neutral,1.0
640,21.333333333333332,Neutral,1.0
641,21.366666666666667,Neutral,0.99
642,21.4,Neutral,0.99
643,21.433333333333334,Neutral,0.99
644,21.466666666666665,Neutral,0.97
645,21.5,Neutral,0.94
646,21.533333333333335,Neutral,0.98
647,21.566666666666666,Neutral,0.99
648,21.6,Neutral,0.99
649,21.633333333333333,Neutral,0.99
650,21.666666666666668,Neutral,0.99
651,21.7,Neutral,1.0
652,21.733333333333334,Neutral,1.0
653,21.766666666666666,Neutral,1.0
654,21.8,Neutral,1.0
655,21.833333333333332,Neutral,1.0
656,21.866666666666667,Neutral,1.0
657,21.9,Neutral,1.0
658,21.933333333333334,Neutral,1.0
659,21.966666666666665,Neutral,1.0
660,22.0,Neutral,1.0
661,22.033333333333335,Neutral,0.99
662,22.066666666666666,Neutral,1.0
663,22.1,Neutral,1.0
664,22.133333333333333,Neutral,1.0
665,22.166666666666668,Neutral,1.0
666,22.2,Neutral,1.0
667,22.233333333333334,Neutral,1.0
668,22.266666666666666,Neutral,0.99
669,22.3,Neutral,0.99
670,22.333333333333332,Neutral,0.99
671,22.366666666666667,Neutral,0.99
672,22.4,Neutral,1.0
673,22.433333333333334,Neutral,0.99
674,22.466666666666665,Neutral,1.0
675,22.5,Neutral,0.99
676,22.533333333333335,Neutral,0.99
677,22.566666666666666,Neutral,0.99
678,22.6,Neutral,0.99
679,22.633333333333333,Neutral,0.99
680,22.666666666666668,Neutral,1.0
681,22.7,Neutral,0.98
682,22.733333333333334,Neutral,0.96
683,22.766666666666666,Neutral,0.94
684,22.8,Neutral,0.96
685,22.833333333333332,Neutral,0.97
686,22.866666666666667,Neutral,1.0
687,22.9,Neutral,1.0
688,22.933333333333334,Neutral,0.96
689,22.966666666666665,Neutral,0.97
690,23.0,Neutral,0.92
691,23.033333333333335,Neutral,0.96
692,23.066666666666666,Neutral,0.98
693,23.1,Neutral,0.98
694,23.133333333333333,Neutral,0.98
695,23.166666666666668,Neutral,0.99
696,23.2,Neutral,1.0
697,23.233333333333334,Neutral,1.0
698,23.266666666666666,Neutral,0.99
699,23.3,Neutral,0.99
700,23.333333333333332,Neutral,0.95
701,23.366666666666667,Neutral,0.97
702,23.4,Neutral,0.99
703,23.433333333333334,Neutral,0.99
704,23.466666666666665,Neutral,0.99
705,23.5,Neutral,1.0
706,23.533333333333335,Neutral,1.0
707,23.566666666666666,Neutral,1.0
708,23.6,Neutral,1.0
709,23.633333333333333,Neutral,1.0
710,23.666666666666668,Neutral,1.0
711,23.7,Neutral,0.99
712,23.733333333333334,Neutral,0.98
713,23.766666666666666,Neutral,1.0
714,23.8,Neutral,0.97
715,23.833333333333332,Neutral,0.98
716,23.866666666666667,Neutral,0.98
717,23.9,Neutral,0.97
718,23.933333333333334,Neutral,0.95
719,23.966666666666665,Neutral,0.96
720,24.0,Neutral,0.97
721,24.033333333333335,Neutral,0.98
722,24.066666666666666,Neutral,0.98
723,24.1,Neutral,0.99
724,24.133333333333333,Neutral,1.0
725,24.166666666666668,Neutral,0.97
726,24.2,Neutral,0.97
727,24.233333333333334,Neutral,0.95
728,24.266666666666666,Neutral,0.98
729,24.3,Neutral,0.99
730,24.333333333333332,Neutral,0.95
731,24.366666666666667,Neutral,0.98
732,24.4,Neutral,1.0
733,24.433333333333334,Neutral,0.98
734,24.466666666666665,Neutral,0.99
735,24.5,Neutral,0.98
736,24.533333333333335,Neutral,1.0
737,24.566666666666666,Neutral,1.0
738,24.6,Neutral,0.99
739,24.633333333333333,Neutral,1.0
740,24.666666666666668,Neutral,1.0
741,24.7,Neutral,0.96
742,24.733333333333334,Neutral,0.99
743,24.766666666666666,Neutral,0.99
744,24.8,Neutral,0.98
745,24.833333333333332,Neutral,0.99
746,24.866666666666667,Neutral,1.0
747,24.9,Neutral,1.0
748,24.933333333333334,Neutral,1.0
749,24.966666666666665,Neutral,1.0
750,25.0,Neutral,0.99
751,25.033333333333335,Neutral,0.99
752,25.066666666666666,Neutral,0.99
753,25.1,Neutral,0.99
754,25.133333333333333,Neutral,1.0
755,25.166666666666668,Neutral,0.99
756,25.2,Neutral,0.99
757,25.233333333333334,Neutral,1.0
758,25.266666666666666,Neutral,0.91
759,25.3,Neutral,0.99
760,25.333333333333332,Neutral,1.0
761,25.366666666666667,Neutral,1.0
762,25.4,Neutral,0.94
763,25.433333333333334,Neutral,0.95
764,25.466666666666665,Neutral,1.0
765,25.5,Neutral,1.0
766,25.533333333333335,Neutral,1.0
767,25.566666666666666,Neutral,1.0
768,25.6,Neutral,0.99
769,25.633333333333333,Neutral,0.97
770,25.666666666666668,Neutral,0.98
771,25.7,Neutral,0.99
772,25.733333333333334,Neutral,0.99
773,25.766666666666666,Neutral,0.99
774,25.8,Neutral,0.99
775,25.833333333333332,Neutral,0.99
776,25.866666666666667,Neutral,0.99
777,25.9,Neutral,1.0
778,25.933333333333334,Neutral,0.98
779,25.966666666666665,Neutral,0.98
780,26.0,Neutral,0.99
781,26.033333333333335,Neutral,0.85
782,26.066666666666666,Neutral,0.88
783,26.1,Neutral,0.68
784,26.133333333333333,Neutral,0.64
785,26.166666666666668,Serve,0.89
786,26.2,Serve,0.95
787,26.233333333333334,Serve,0.98
788,26.266666666666666,Serve,0.99
789,26.3,Serve,0.98
790,26.333333333333332,Serve,1.0
791,26.366666666666667,Serve,0.99
792,26.4,Serve,1.0
793,26.433333333333334,Serve,0.98
794,26.466666666666665,Serve,0.98
795,26.5,Serve,0.99
796,26.533333333333335,Serve,0.97
797,26.566666666666666,Serve,0.93
798,26.6,Serve,1.0
799,26.633333333333333,Serve,0.96
800,26.666666666666668,Serve,0.92
801,26.7,Serve,0.5
802,26.733333333333334,Serve,0.88
803,26.766666666666666,Serve,0.88
804,26.8,Serve,0.95
805,26.833333333333332,Serve,0.76
806,26.866666666666667,Serve,0.7
807,26.9,Serve,0.83
808,26.933333333333334,Serve,0.94
809,26.966666666666665,Serve,0.95
810,27.0,Serve,0.88
811,27.033333333333335,Serve,0.91
812,27.066666666666666,Serve,0.9
813,27.1,Serve,0.94
814,27.133333333333333,Serve,0.81
815,27.166666666666668,Serve,0.86
816,27.2,Serve,0.8
817,27.233333333333334,Serve,0.81
818,27.266666666666666,Serve,0.7
819,27.3,Serve,0.82
820,27.333333333333332,Serve,0.89
821,27.366666666666667,Serve,0.89
822,27.4,Serve,0.91
823,27.433333333333334,Serve,0.85
824,27.466666666666665,Serve,0.9
825,27.5,Serve,0.85
826,27.533333333333335,Serve,0.84
827,27.566666666666666,Serve,0.93
828,27.6,Serve,0.84
829,27.633333333333333,Serve,0.89
830,27.666666666666668,Serve,0.81
831,27.7,Neutral,0.84
832,27.733333333333334,Neutral,0.97
833,27.766666666666666,Neutral,0.96
834,27.8,Neutral,0.92
835,27.833333333333332,Neutral,0.73
836,27.866666666666667,Neutral,0.81
837,27.9,Neutral,0.9
838,27.933333333333334,Neutral,0.96
839,27.966666666666665,Neutral,0.92
840,28.0,Neutral,0.9
841,28.033333333333335,Neutral,0.82
842,28.066666666666666,Neutral,0.78
843,28.1,Backhand,0.72
844,28.133333333333333,Backhand,0.63
845,28.166666666666668,Backhand,0.61
846,28.2,Backhand,0.88
847,28.233333333333334,Backhand,0.88
848,28.266666666666666,Backhand,0.88
849,28.3,Backhand,0.91
850,28.333333333333332,Backhand,0.94
851,28.366666666666667,Backhand,0.96
852,28.4,Backhand,0.92
853,28.433333333333334,Backhand,0.98
854,28.466666666666665,Backhand,0.98
855,28.5,Backhand,0.97
856,28.533333333333335,Backhand,0.97
857,28.566666666666666,Backhand,0.98
858,28.6,Backhand,0.96
859,28.633333333333333,Backhand,0.88
860,28.666666666666668,Backhand,0.86
861,28.7,Backhand,0.93
862,28.733333333333334,Backhand,0.94
863,28.766666666666666,Backhand,0.85
864,28.8,Backhand,0.88
865,28.833333333333332,Backhand,0.96
866,28.866666666666667,Backhand,0.95
867,28.9,Backhand,0.84
868,28.933333333333334,Backhand,0.71
869,28.966666666666665,Backhand,0.77
870,29.0,Backhand,0.64
871,29.033333333333335,Neutral,0.84
872,29.066666666666666,Neutral,0.8
873,29.1,Backhand,0.64
874,29.133333333333333,Neutral,0.96
875,29.166666666666668,Neutral,0.99
876,29.2,Neutral,0.99
877,29.233333333333334,Neutral,0.98
878,29.266666666666666,Neutral,0.92
879,29.3,Neutral,0.91
880,29.333333333333332,Neutral,0.93
881,29.366666666666667,Neutral,0.86
882,29.4,Neutral,0.86
883,29.433333333333334,Neutral,0.81
884,29.466666666666665,Neutral,0.5
885,29.5,Forehand,0.79
886,29.533333333333335,Forehand,0.74
887,29.566666666666666,Forehand,0.84
888,29.6,Forehand,0.75
889,29.633333333333333,Forehand,0.91
890,29.666666666666668,Forehand,0.97
891,29.7,Forehand,0.95
892,29.733333333333334,Forehand,0.94
893,29.766666666666666,Forehand,0.93
894,29.8,Forehand,0.9
895,29.833333333333332,Forehand,0.77
896,29.866666666666667,Forehand,0.69
1066,35.53333333333333,Neutral,0.94
1067,35.56666666666667,Neutral,0.97
1068,35.6,Neutral,0.9
1069,35.63333333333333,Neutral,0.89
1070,35.666666666666664,Neutral,0.96
1071,35.7,Neutral,0.93
1072,35.733333333333334,Neutral,0.89
1073,35.766666666666666,Neutral,0.91
1074,35.8,Neutral,0.95
1075,35.833333333333336,Neutral,0.96
1076,35.86666666666667,Neutral,0.96
1077,35.9,Neutral,0.95
1078,35.93333333333333,Neutral,0.94
1079,35.96666666666667,Neutral,0.81
1080,36.0,Neutral,0.95
1081,36.03333333333333,Neutral,0.94
1082,36.06666666666667,Neutral,0.95
1083,36.1,Neutral,0.92
1084,36.13333333333333,Neutral,0.95
1085,36.166666666666664,Neutral,0.95
1086,36.2,Neutral,0.95
1087,36.233333333333334,Neutral,0.87
1088,36.266666666666666,Neutral,0.94
1089,36.3,Neutral,0.96
1090,36.333333333333336,Neutral,0.98
1091,36.36666666666667,Neutral,0.97
1092,36.4,Neutral,0.97
1093,36.43333333333333,Neutral,0.98
1094,36.46666666666667,Neutral,0.98
1095,36.5,Neutral,0.98
1096,36.53333333333333,Neutral,0.99
1097,36.56666666666667,Neutral,0.99
1098,36.6,Neutral,0.99
1099,36.63333333333333,Neutral,0.92
1100,36.666666666666664,Neutral,0.96
1101,36.7,Neutral,0.91
1102,36.733333333333334,Neutral,0.89
1103,36.766666666666666,Neutral,0.93
1104,36.8,Neutral,0.99
1105,36.833333333333336,Neutral,0.98
1106,36.86666666666667,Neutral,0.99
1107,36.9,Neutral,0.95
1108,36.93333333333333,Neutral,0.95
1109,36.96666666666667,Neutral,0.97
1110,37.0,Neutral,1.0
1111,37.03333333333333,Neutral,0.98
1112,37.06666666666667,Neutral,0.96
1113,37.1,Neutral,0.99
1114,37.13333333333333,Neutral,1.0
1115,37.166666666666664,Neutral,1.0
1116,37.2,Neutral,0.99
1117,37.233333333333334,Neutral,0.99
1118,37.266666666666666,Neutral,0.98
1119,37.3,Neutral,1.0
1120,37.333333333333336,Neutral,0.99
1121,37.36666666666667,Neutral,1.0
1122,37.4,Neutral,0.97
1123,37.43333333333333,Neutral,0.95
1124,37.46666666666667,Neutral,0.98
1125,37.5,Neutral,0.96
1126,37.53333333333333,Neutral,0.99
1127,37.56666666666667,Neutral,1.0
1128,37.6,Neutral,0.94
1129,37.63333333333333,Neutral,0.94
1130,37.666666666666664,Neutral,1.0
1131,37.7,Neutral,0.99
1132,37.733333333333334,Neutral,1.0
1133,37.766666666666666,Neutral,1.0
1134,37.8,Neutral,1.0
1135,37.833333333333336,Neutral,0.99
1136,37.86666666666667,Neutral,0.93
1137,37.9,Neutral,0.95
1138,37.93333333333333,Neutral,0.98
1139,37.96666666666667,Neutral,0.96
1140,38.0,Neutral,0.97
1141,38.03333333333333,Neutral,0.98
1142,38.06666666666667,Neutral,0.97
1143,38.1,Neutral,1.0
1144,38.13333333333333,Neutral,1.0
1145,38.166666666666664,Neutral,0.99
1146,38.2,Neutral,1.0
1147,38.233333333333334,Neutral,1.0
1148,38.266666666666666,Neutral,1.0
1149,38.3,Neutral,1.0
1150,38.333333333333336,Neutral,1.0
1151,38.36666666666667,Neutral,1.0
1152,38.4,Neutral,1.0
1153,38.43333333333333,Neutral,0.96
1154,38.46666666666667,Neutral,0.95
1155,38.5,Neutral,0.99
1156,38.53333333333333,Neutral,0.97
1157,38.56666666666667,Neutral,0.96
1158,38.6,Neutral,0.96
1159,38.63333333333333,Neutral,1.0
1160,38.666666666666664,Neutral,0.99
1161,38.7,Neutral,0.99
1162,38.733333333333334,Neutral,0.96
1163,38.766666666666666,Neutral,0.97
1164,38.8,Neutral,0.98
1165,38.833333333333336,Neutral,0.95
1166,38.86666666666667,Neutral,0.97
1167,38.9,Neutral,0.97
1168,38.93333333333333,Neutral,0.97
1169,38.96666666666667,Neutral,0.97
1170,39.0,Neutral,0.93
1171,39.03333333333333,Neutral,0.98
1172,39.06666666666667,Neutral,0.87
1173,39.1,Neutral,0.9
1174,39.13333333333333,Neutral,0.98
1175,39.166666666666664,Neutral,0.98
1176,39.2,Neutral,0.98
1177,39.233333333333334,Neutral,0.99
1178,39.266666666666666,Neutral,0.92
1179,39.3,Neutral,0.98
1180,39.333333333333336,Neutral,1.0
1181,39.36666666666667,Neutral,0.96
1182,39.4,Neutral,1.0
1183,39.43333333333333,Neutral,0.95
1184,39.46666666666667,Neutral,0.95
1185,39.5,Neutral,0.92
1186,39.53333333333333,Neutral,0.77
1187,39.56666666666667,Neutral,0.93
1188,39.6,Neutral,0.98
1189,39.63333333333333,Neutral,0.98
1190,39.666666666666664,Neutral,0.98
1191,39.7,Neutral,0.97
1192,39.733333333333334,Neutral,0.95
1193,39.766666666666666,Neutral,0.96
1194,39.8,Neutral,0.8
1195,39.833333333333336,Neutral,0.86
1196,39.86666666666667,Neutral,0.56
1197,39.9,Neutral,0.69
1198,39.93333333333333,Serve,0.92
1199,39.96666666666667,Serve,0.95
1200,40.0,Serve,0.96
1201,40.03333333333333,Serve,0.97
1202,40.06666666666667,Serve,0.91
1203,40.1,Serve,0.94
1204,40.13333333333333,Serve,0.97
1205,40.166666666666664,Serve,0.97
1206,40.2,Serve,0.96
1207,40.233333333333334,Serve,1.0
1208,40.266666666666666,Serve,0.97
1209,40.3,Serve,0.91
1210,40.333333333333336,Serve,0.97
1211,40.36666666666667,Serve,0.99
1212,40.4,Serve,0.9
1213,40.43333333333333,Serve,0.74
1214,40.46666666666667,Serve,0.49
1215,40.5,Neutral,0.51
1216,40.53333333333333,Serve,0.77
1217,40.56666666666667,Serve,0.73
1218,40.6,Serve,0.75
1219,40.63333333333333,Serve,0.9
1220,40.666666666666664,Serve,0.71
1221,40.7,Serve,0.87
1222,40.733333333333334,Serve,0.88
1223,40.766666666666666,Serve,0.92
1224,40.8,Serve,0.97
1225,40.833333333333336,Serve,0.97
1226,40.86666666666667,Serve,0.96
1227,40.9,Serve,0.92
1228,40.93333333333333,Serve,0.89
1229,40.96666666666667,Serve,0.91
1230,41.0,Serve,0.9
1231,41.03333333333333,Serve,0.66
1232,41.06666666666667,Serve,0.54
1233,41.1,Serve,0.55
1234,41.13333333333333,Serve,0.82
1235,41.166666666666664,Serve,0.8
1236,41.2,Serve,0.76
1237,41.233333333333334,Serve,0.45
1238,41.266666666666666,Serve,0.82
1239,41.3,Serve,0.87
1240,41.333333333333336,Serve,0.69
1241,41.36666666666667,Serve,0.73
1242,41.4,Serve,0.83
1243,41.43333333333333,Serve,0.84
1244,41.46666666666667,Serve,0.75
1245,41.5,Neutral,0.9
1246,41.53333333333333,Neutral,0.94
1247,41.56666666666667,Neutral,0.83
1248,41.6,Neutral,0.86
1249,41.63333333333333,Neutral,0.8
1250,41.666666666666664,Neutral,0.83
1251,41.7,Neutral,0.83
1252,41.733333333333334,Neutral,0.93
1253,41.766666666666666,Neutral,0.91
1254,41.8,Neutral,0.83
1255,41.833333333333336,Backhand,0.5
1256,41.86666666666667,Backhand,0.81
1257,41.9,Backhand,0.9
1258,41.93333333333333,Backhand,0.91
1259,41.96666666666667,Backhand,0.76
1260,42.0,Backhand,0.75
1261,42.03333333333333,Backhand,0.82
1262,42.06666666666667,Backhand,0.63
1263,42.1,Backhand,0.54
1264,42.13333333333333,Backhand,0.77
1265,42.166666666666664,Backhand,0.71
1266,42.2,Backhand,0.53
1267,42.233333333333334,Backhand,0.74
1268,42.266666666666666,Backhand,0.49
1269,42.3,Backhand,0.85
1270,42.333333333333336,Backhand,0.82
1271,42.36666666666667,Backhand,0.87
1272,42.4,Backhand,0.9
1273,42.43333333333333,Backhand,0.92
1274,42.46666666666667,Backhand,0.97
1275,42.5,Backhand,1.0
1276,42.53333333333333,Backhand,0.98
1277,42.56666666666667,Backhand,0.92
1278,42.6,Backhand,0.93
1279,42.63333333333333,Backhand,0.88
1280,42.666666666666664,Backhand,0.96
1281,42.7,Backhand,0.9
1282,42.733333333333334,Backhand,0.9
1283,42.766666666666666,Backhand,0.85
1284,42.8,Backhand,0.56
1285,42.833333333333336,Neutral,0.74
1286,42.86666666666667,Neutral,0.92
1287,42.9,Neutral,0.97
1288,42.93333333333333,Neutral,0.97
1289,42.96666666666667,Neutral,0.95
1290,43.0,Neutral,0.98
1291,43.03333333333333,Neutral,0.99
1292,43.06666666666667,Neutral,1.0
1293,43.1,Neutral,1.0
1294,43.13333333333333,Neutral,0.99
1295,43.166666666666664,Neutral,0.99
1296,43.2,Neutral,1.0
1297,43.233333333333334,Neutral,1.0
1298,43.266666666666666,Neutral,1.0
1299,43.3,Neutral,1.0
1300,43.333333333333336,Neutral,1.0
1301,43.36666666666667,Neutral,1.0
1302,43.4,Neutral,0.99
1303,43.43333333333333,Neutral,1.0
1304,43.46666666666667,Neutral,0.98
1305,43.5,Neutral,0.99
1306,43.53333333333333,Neutral,1.0
1307,43.56666666666667,Neutral,1.0
1308,43.6,Neutral,1.0
1309,43.63333333333333,Neutral,0.99
1310,43.666666666666664,Neutral,0.99
1311,43.7,Neutral,1.0
1312,43.733333333333334,Neutral,1.0
1313,43.766666666666666,Neutral,1.0
1314,43.8,Neutral,1.0
1315,43.833333333333336,Neutral,1.0
1316,43.86666666666667,Neutral,1.0
1317,43.9,Neutral,1.0
1318,43.93333333333333,Neutral,0.99
1319,43.96666666666667,Neutral,0.99
1320,44.0,Neutral,0.99
1321,44.03333333333333,Neutral,0.99
1322,44.06666666666667,Neutral,1.0
1323,44.1,Neutral,1.0
1324,44.13333333333333,Neutral,1.0
1325,44.166666666666664,Neutral,1.0
1326,44.2,Neutral,1.0
1327,44.233333333333334,Neutral,1.0
1328,44.266666666666666,Neutral,1.0
1329,44.3,Neutral,0.99
1330,44.333333333333336,Neutral,1.0
1331,44.36666666666667,Neutral,1.0
1332,44.4,Neutral,1.0
1333,44.43333333333333,Neutral,1.0
1334,44.46666666666667,Neutral,0.99
1335,44.5,Neutral,1.0
1336,44.53333333333333,Neutral,0.99
1337,44.56666666666667,Neutral,0.99
1338,44.6,Neutral,0.99
1339,44.63333333333333,Neutral,0.99
1340,44.666666666666664,Neutral,0.99
1341,44.7,Neutral,1.0
1342,44.733333333333334,Neutral,0.97
1343,44.766666666666666,Neutral,0.98
1344,44.8,Neutral,0.92
1345,44.833333333333336,Neutral,0.94
1346,44.86666666666667,Neutral,0.96
1347,44.9,Neutral,0.99
1348,44.93333333333333,Neutral,0.99
1349,44.96666666666667,Neutral,1.0
1350,45.0,Neutral,1.0
1351,45.03333333333333,Neutral,1.0
1352,45.06666666666667,Neutral,1.0
1353,45.1,Neutral,1.0
1354,45.13333333333333,Neutral,1.0
1355,45.166666666666664,Neutral,0.98
1356,45.2,Neutral,0.99
1357,45.233333333333334,Neutral,0.98
1358,45.266666666666666,Neutral,0.99
1359,45.3,Neutral,0.96
1360,45.333333333333336,Neutral,0.98
1361,45.36666666666667,Neutral,1.0
1362,45.4,Neutral,0.99
1363,45.43333333333333,Neutral,1.0
1364,45.46666666666667,Neutral,1.0
1365,45.5,Neutral,1.0
1366,45.53333333333333,Neutral,1.0
1367,45.56666666666667,Neutral,1.0
1368,45.6,Neutral,0.99
1369,45.63333333333333,Neutral,0.98
1370,45.666666666666664,Neutral,0.99
1371,45.7,Neutral,0.99
1372,45.733333333333334,Neutral,0.99
1373,45.766666666666666,Neutral,0.98
1374,45.8,Neutral,0.99
1375,45.833333333333336,Neutral,0.95
1376,45.86666666666667,Neutral,1.0
1377,45.9,Neutral,1.0
1378,45.93333333333333,Neutral,1.0
1379,45.96666666666667,Neutral,1.0
1380,46.0,Neutral,1.0
1381,46.03333333333333,Neutral,1.0
1382,46.06666666666667,Neutral,1.0
1383,46.1,Neutral,1.0
1384,46.13333333333333,Neutral,1.0
1385,46.166666666666664,Neutral,1.0
1386,46.2,Neutral,1.0
1387,46.233333333333334,Neutral,1.0
1388,46.266666666666666,Neutral,0.99
1389,46.3,Neutral,0.99
1390,46.333333333333336,Neutral,1.0
1391,46.36666666666667,Neutral,1.0
1392,46.4,Neutral,1.0
1393,46.43333333333333,Neutral,1.0
1394,46.46666666666667,Neutral,1.0
1395,46.5,Neutral,1.0
1396,46.53333333333333,Neutral,0.98
1397,46.56666666666667,Neutral,0.99
1398,46.6,Neutral,1.0
1399,46.63333333333333,Neutral,0.99
1400,46.666666666666664,Neutral,0.99
1401,46.7,Neutral,1.0
1402,46.733333333333334,Neutral,1.0
1403,46.766666666666666,Neutral,1.0
1404,46.8,Neutral,1.0
1405,46.833333333333336,Neutral,1.0
1406,46.86666666666667,Neutral,0.99
1407,46.9,Neutral,0.95
1408,46.93333333333333,Neutral,0.97
1409,46.96666666666667,Neutral,0.99
1410,47.0,Neutral,0.99
1411,47.03333333333333,Neutral,0.99
1412,47.06666666666667,Neutral,1.0
1413,47.1,Neutral,0.99
1414,47.13333333333333,Neutral,0.99
1415,47.166666666666664,Neutral,1.0
1416,47.2,Neutral,0.99
1417,47.233333333333334,Neutral,0.99
1418,47.266666666666666,Neutral,0.97
1419,47.3,Neutral,0.99
1420,47.333333333333336,Neutral,0.99
1421,47.36666666666667,Neutral,0.98
1422,47.4,Neutral,0.98
1423,47.43333333333333,Neutral,0.98
1424,47.46666666666667,Neutral,1.0
1425,47.5,Neutral,1.0
1426,47.53333333333333,Neutral,0.99
1427,47.56666666666667,Neutral,0.99
1428,47.6,Neutral,1.0
1429,47.63333333333333,Neutral,1.0
1430,47.666666666666664,Neutral,1.0
1431,47.7,Neutral,1.0
1432,47.733333333333334,Neutral,1.0
1433,47.766666666666666,Neutral,1.0
1434,47.8,Neutral,1.0
1435,47.833333333333336,Neutral,1.0
1436,47.86666666666667,Neutral,0.99
1437,47.9,Neutral,1.0
1438,47.93333333333333,Neutral,1.0
1439,47.96666666666667,Neutral,1.0
1440,48.0,Neutral,1.0
1441,48.03333333333333,Neutral,1.0
1442,48.06666666666667,Neutral,1.0
1443,48.1,Neutral,1.0
1444,48.13333333333333,Neutral,0.98
1445,48.166666666666664,Neutral,1.0
1446,48.2,Neutral,1.0
1447,48.233333333333334,Neutral,1.0
1448,48.266666666666666,Neutral,1.0
1449,48.3,Neutral,1.0
1450,48.333333333333336,Neutral,1.0
1451,48.36666666666667,Neutral,1.0
1452,48.4,Neutral,1.0
1453,48.43333333333333,Neutral,1.0
1454,48.46666666666667,Neutral,1.0
1455,48.5,Neutral,1.0
1456,48.53333333333333,Neutral,1.0
1457,48.56666666666667,Neutral,1.0
1458,48.6,Neutral,1.0
1459,48.63333333333333,Neutral,1.0
1460,48.666666666666664,Neutral,1.0
1461,48.7,Neutral,1.0
1462,48.733333333333334,Neutral,1.0
1463,48.766666666666666,Neutral,0.97
1464,48.8,Neutral,0.95
1465,48.833333333333336,Neutral,0.99
1466,48.86666666666667,Neutral,0.99
1467,48.9,Neutral,0.99
1468,48.93333333333333,Neutral,1.0
1469,48.96666666666667,Neutral,1.0
1470,49.0,Neutral,1.0
1471,49.03333333333333,Neutral,1.0
1472,49.06666666666667,Neutral,1.0
1473,49.1,Neutral,1.0
1474,49.13333333333333,Neutral,1.0
1475,49.166666666666664,Neutral,1.0
1476,49.2,Neutral,1.0
1477,49.233333333333334,Neutral,1.0
1478,49.266666666666666,Neutral,1.0
1479,49.3,Neutral,1.0
1480,49.333333333333336,Neutral,1.0
1481,49.36666666666667,Neutral,1.0
1482,49.4,Neutral,1.0
1483,49.43333333333333,Neutral,1.0
1484,49.46666666666667,Neutral,1.0
1485,49.5,Neutral,1.0
1486,49.53333333333333,Neutral,1.0
1487,49.56666666666667,Neutral,1.0
1488,49.6,Neutral,1.0
1489,49.63333333333333,Neutral,1.0
1490,49.666666666666664,Neutral,1.0
1491,49.7,Neutral,1.0
1492,49.733333333333334,Neutral,0.99
1493,49.766666666666666,Neutral,0.98
1494,49.8,Neutral,0.98
1495,49.833333333333336,Neutral,0.93
1496,49.86666666666667,Neutral,0.93
1497,49.9,Neutral,0.87
1498,49.93333333333333,Neutral,0.79
1499,49.96666666666667,Neutral,0.72
1500,50.0,Neutral,0.85
1501,50.03333333333333,Neutral,0.85
1502,50.06666666666667,Forehand,0.81
1503,50.1,Forehand,0.86
1504,50.13333333333333,Forehand,0.84
1505,50.166666666666664,Forehand,0.89
1506,50.2,Forehand,0.82
1507,50.233333333333334,Forehand,0.88
1508,50.266666666666666,Forehand,0.83
1509,50.3,Forehand,0.85
1510,50.333333333333336,Forehand,0.89
1511,50.36666666666667,Forehand,0.9
1512,50.4,Forehand,0.9
1513,50.43333333333333,Forehand,0.93
1514,50.46666666666667,Forehand,0.82
1515,50.5,Forehand,0.87
1516,50.53333333333333,Forehand,0.95
1517,50.56666666666667,Forehand,0.99
1518,50.6,Forehand,0.99
1519,50.63333333333333,Forehand,0.92
1520,50.666666666666664,Forehand,0.83
1521,50.7,Forehand,0.83
1522,50.733333333333334,Forehand,0.88
1523,50.766666666666666,Forehand,0.92
1524,50.8,Forehand,0.87
1525,50.833333333333336,Forehand,0.84
1526,50.86666666666667,Forehand,0.62
1527,50.9,Forehand,0.7
1528,50.93333333333333,Forehand,0.78
1529,50.96666666666667,Forehand,0.88
1530,51.0,Forehand,0.85
1531,51.03333333333333,Forehand,0.92
1532,51.06666666666667,Forehand,0.83
1533,51.1,Forehand,0.55
1534,51.13333333333333,Neutral,0.78
1535,51.166666666666664,Neutral,0.88
1536,51.2,Neutral,0.97
1537,51.233333333333334,Neutral,0.99
1538,51.266666666666666,Neutral,0.98
1539,51.3,Neutral,1.0
1540,51.333333333333336,Neutral,1.0
1541,51.36666666666667,Neutral,0.96
1542,51.4,Neutral,1.0
1543,51.43333333333333,Neutral,0.97
1544,51.46666666666667,Neutral,0.98
1545,51.5,Neutral,1.0
1546,51.53333333333333,Neutral,0.97
1547,51.56666666666667,Neutral,0.98
1548,51.6,Neutral,0.97
1549,51.63333333333333,Neutral,0.99
1550,51.666666666666664,Neutral,0.99
1551,51.7,Neutral,1.0
1552,51.733333333333334,Neutral,1.0
1553,51.766666666666666,Neutral,0.98
1554,51.8,Neutral,1.0
1555,51.833333333333336,Neutral,1.0
1556,51.86666666666667,Neutral,0.99
1557,51.9,Neutral,0.98
1558,51.93333333333333,Neutral,0.99
1559,51.96666666666667,Neutral,1.0
1560,52.0,Neutral,1.0
1561,52.03333333333333,Neutral,1.0
1562,52.06666666666667,Neutral,1.0
1563,52.1,Neutral,1.0
1564,52.13333333333333,Neutral,1.0
1565,52.166666666666664,Neutral,0.99
1566,52.2,Neutral,0.99
1567,52.233333333333334,Neutral,0.99
1568,52.266666666666666,Neutral,0.95
1569,52.3,Neutral,0.92
1570,52.333333333333336,Neutral,0.99
1571,52.36666666666667,Neutral,0.98
1572,52.4,Neutral,0.98
1573,52.43333333333333,Neutral,0.97
1574,52.46666666666667,Neutral,0.99
1575,52.5,Neutral,0.97
1576,52.53333333333333,Neutral,0.94
1577,52.56666666666667,Neutral,1.0
1578,52.6,Neutral,1.0
1579,52.63333333333333,Neutral,1.0
1580,52.666666666666664,Neutral,0.99
1581,52.7,Neutral,0.96
1582,52.733333333333334,Neutral,0.98
1583,52.766666666666666,Neutral,0.97
1584,52.8,Neutral,0.98
1585,52.833333333333336,Neutral,0.97
1586,52.86666666666667,Neutral,0.96
1587,52.9,Neutral,0.94
1588,52.93333333333333,Neutral,0.93
1589,52.96666666666667,Neutral,0.96
1590,53.0,Neutral,0.98
1591,53.03333333333333,Neutral,0.98
1592,53.06666666666667,Neutral,0.98
1593,53.1,Neutral,0.96
1594,53.13333333333333,Neutral,0.92
1595,53.166666666666664,Neutral,0.77
1596,53.2,Neutral,0.75
1597,53.233333333333334,Neutral,0.86
1598,53.266666666666666,Neutral,0.97
1599,53.3,Neutral,0.9
1600,53.333333333333336,Neutral,0.94
1601,53.36666666666667,Neutral,0.91
1602,53.4,Neutral,0.94
1603,53.43333333333333,Neutral,0.97
1604,53.46666666666667,Neutral,0.93
1605,53.5,Neutral,0.96
1606,53.53333333333333,Neutral,0.97
1607,53.56666666666667,Neutral,0.97
1608,53.6,Neutral,0.99
1609,53.63333333333333,Neutral,0.97
1610,53.666666666666664,Neutral,0.98
1611,53.7,Neutral,0.98
1612,53.733333333333334,Neutral,0.97
1613,53.766666666666666,Neutral,0.97
1614,53.8,Neutral,0.93
1615,53.833333333333336,Neutral,0.99
1616,53.86666666666667,Neutral,0.99
1617,53.9,Neutral,0.99
1618,53.93333333333333,Neutral,0.98
1619,53.96666666666667,Neutral,0.98
1620,54.0,Neutral,0.99
1621,54.03333333333333,Neutral,0.99
1622,54.06666666666667,Neutral,0.95
1623,54.1,Neutral,0.97
1624,54.13333333333333,Neutral,0.96
1625,54.166666666666664,Neutral,0.98
1626,54.2,Neutral,0.96
1627,54.233333333333334,Neutral,0.83
1628,54.266666666666666,Neutral,0.68
1629,54.3,Neutral,0.93
1630,54.333333333333336,Neutral,0.87
1631,54.36666666666667,Neutral,0.95
1632,54.4,Neutral,0.95
1633,54.43333333333333,Neutral,0.96
1634,54.46666666666667,Neutral,0.99
1635,54.5,Neutral,0.96
1636,54.53333333333333,Neutral,1.0
1637,54.56666666666667,Neutral,1.0
1638,54.6,Neutral,0.99
1639,54.63333333333333,Neutral,1.0
1640,54.666666666666664,Neutral,0.99
1641,54.7,Neutral,0.97
1642,54.733333333333334,Neutral,1.0
1643,54.766666666666666,Neutral,1.0
1644,54.8,Neutral,0.96
1645,54.833333333333336,Neutral,0.99
1646,54.86666666666667,Neutral,1.0
1647,54.9,Neutral,0.97
1648,54.93333333333333,Neutral,0.97
1649,54.96666666666667,Neutral,0.94
1650,55.0,Neutral,1.0
1651,55.03333333333333,Neutral,0.99
1652,55.06666666666667,Neutral,1.0
1653,55.1,Neutral,0.98
1654,55.13333333333333,Neutral,0.99
1655,55.166666666666664,Neutral,0.99
1656,55.2,Neutral,1.0
1657,55.233333333333334,Neutral,0.99
1658,55.266666666666666,Neutral,0.99
1659,55.3,Neutral,0.97
1660,55.333333333333336,Neutral,0.93
1661,55.36666666666667,Neutral,0.84
1662,55.4,Neutral,0.92
1663,55.43333333333333,Neutral,0.77
1664,55.46666666666667,Neutral,0.79
1665,55.5,Neutral,0.93
1666,55.53333333333333,Neutral,0.97
1792,59.733333333333334,Neutral,0.89
1793,59.766666666666666,Neutral,1.0
1794,59.8,Neutral,1.0
1795,59.833333333333336,Neutral,1.0
1796,59.86666666666667,Neutral,0.98
1797,59.9,Neutral,0.91
1798,59.93333333333333,Neutral,0.98
1799,59.96666666666667,Neutral,0.96
1800,60.0,Neutral,0.99
1801,60.03333333333333,Neutral,0.99
1802,60.06666666666667,Neutral,1.0
1803,60.1,Neutral,1.0
1804,60.13333333333333,Neutral,0.99
1805,60.166666666666664,Neutral,0.99
1806,60.2,Neutral,0.99
1807,60.233333333333334,Neutral,0.98
1808,60.266666666666666,Neutral,0.97
1809,60.3,Neutral,1.0
1810,60.333333333333336,Neutral,0.99
1811,60.36666666666667,Neutral,1.0
1812,60.4,Neutral,0.99
1813,60.43333333333333,Neutral,0.99
1814,60.46666666666667,Neutral,0.99
1815,60.5,Neutral,1.0
1816,60.53333333333333,Neutral,0.99
1817,60.56666666666667,Neutral,1.0
1818,60.6,Neutral,1.0
1819,60.63333333333333,Neutral,1.0
1820,60.666666666666664,Neutral,1.0
1821,60.7,Neutral,1.0
1822,60.733333333333334,Neutral,1.0
1823,60.766666666666666,Neutral,0.99
1824,60.8,Neutral,1.0
1825,60.833333333333336,Neutral,1.0
1826,60.86666666666667,Neutral,1.0
1827,60.9,Neutral,1.0
1828,60.93333333333333,Neutral,1.0
1829,60.96666666666667,Neutral,1.0
1830,61.0,Neutral,1.0
1831,61.03333333333333,Neutral,1.0
1832,61.06666666666667,Neutral,1.0
1833,61.1,Neutral,1.0
1834,61.13333333333333,Neutral,1.0
1835,61.166666666666664,Neutral,1.0
1836,61.2,Neutral,1.0
1837,61.233333333333334,Neutral,0.99
1838,61.266666666666666,Neutral,1.0
1839,61.3,Neutral,1.0
1840,61.333333333333336,Neutral,1.0
1841,61.36666666666667,Neutral,1.0
1842,61.4,Neutral,1.0
1843,61.43333333333333,Neutral,1.0
1844,61.46666666666667,Neutral,1.0
1845,61.5,Neutral,0.99
1846,61.53333333333333,Neutral,0.98
1847,61.56666666666667,Neutral,1.0
1848,61.6,Neutral,0.97
1849,61.63333333333333,Neutral,0.92
1850,61.666666666666664,Forehand,0.71
1851,61.7,Forehand,0.64
1852,61.733333333333334,Forehand,0.87
1853,61.766666666666666,Forehand,0.92
1854,61.8,Forehand,0.8
1855,61.833333333333336,Forehand,0.79
1856,61.86666666666667,Forehand,0.9
1857,61.9,Forehand,0.95
1858,61.93333333333333,Forehand,0.49
1859,61.96666666666667,Forehand,0.4
1860,62.0,Forehand,0.41
1861,62.03333333333333,Forehand,0.8
1862,62.06666666666667,Forehand,0.71
1863,62.1,Forehand,0.73
1864,62.13333333333333,Forehand,0.8
1865,62.166666666666664,Forehand,0.78
1866,62.2,Forehand,0.77
1867,62.233333333333334,Forehand,0.65
1868,62.266666666666666,Forehand,0.83
1869,62.3,Forehand,0.89
1870,62.333333333333336,Forehand,0.78
1871,62.36666666666667,Forehand,0.95
1872,62.4,Forehand,0.96
1873,62.43333333333333,Forehand,0.93
1874,62.46666666666667,Forehand,0.88
1875,62.5,Forehand,0.79
1876,62.53333333333333,Forehand,0.49
1877,62.56666666666667,Forehand,0.7
1878,62.6,Forehand,0.74
1879,62.63333333333333,Forehand,0.52
1880,62.666666666666664,Forehand,0.74
1881,62.7,Neutral,0.69
1882,62.733333333333334,Neutral,0.91
1883,62.766666666666666,Neutral,0.93
1884,62.8,Neutral,0.96
1885,62.833333333333336,Neutral,0.98
1886,62.86666666666667,Neutral,0.94
1887,62.9,Neutral,0.85
1888,62.93333333333333,Neutral,0.97
1889,62.96666666666667,Neutral,0.96
1890,63.0,Neutral,0.97
1891,63.03333333333333,Neutral,0.97
1892,63.06666666666667,Neutral,0.97
1893,63.1,Neutral,0.99
1894,63.13333333333333,Neutral,0.94
1895,63.166666666666664,Neutral,0.98
1896,63.2,Neutral,1.0
1897,63.233333333333334,Neutral,1.0
1898,63.266666666666666,Neutral,1.0
1899,63.3,Neutral,0.98
1900,63.333333333333336,Neutral,0.94
1901,63.36666666666667,Neutral,0.97
1902,63.4,Neutral,0.99
1903,63.43333333333333,Neutral,0.99
1904,63.46666666666667,Neutral,1.0
1905,63.5,Neutral,1.0
1906,63.53333333333333,Neutral,1.0
1907,63.56666666666667,Neutral,1.0
1908,63.6,Neutral,0.99
1909,63.63333333333333,Neutral,0.99
1910,63.666666666666664,Neutral,0.97
1911,63.7,Neutral,0.98
1912,63.733333333333334,Neutral,0.96
1913,63.766666666666666,Neutral,0.94
1914,63.8,Neutral,0.97
1915,63.833333333333336,Neutral,0.86
1916,63.86666666666667,Neutral,0.92
1917,63.9,Neutral,0.84
1918,63.93333333333333,Neutral,0.89
1919,63.96666666666667,Neutral,0.92
1920,64.0,Neutral,0.97
1921,64.03333333333333,Neutral,0.95
1922,64.06666666666666,Neutral,0.97
1923,64.1,Neutral,0.97
1924,64.13333333333334,Neutral,0.98
1925,64.16666666666667,Neutral,1.0
1926,64.2,Neutral,1.0
1927,64.23333333333333,Neutral,1.0
1928,64.26666666666667,Neutral,1.0
1929,64.3,Neutral,0.99
1930,64.33333333333333,Neutral,1.0
1931,64.36666666666666,Neutral,1.0
1932,64.4,Neutral,0.98
1933,64.43333333333334,Neutral,0.98
1934,64.46666666666667,Neutral,0.99
1935,64.5,Neutral,0.97
1936,64.53333333333333,Neutral,0.96
1937,64.56666666666666,Neutral,0.97
1938,64.6,Neutral,0.97
1939,64.63333333333334,Neutral,0.96
1940,64.66666666666667,Neutral,0.99
1941,64.7,Neutral,0.98
1942,64.73333333333333,Neutral,0.99
1943,64.76666666666667,Neutral,0.95
1944,64.8,Neutral,0.8
1945,64.83333333333333,Neutral,0.88
1946,64.86666666666666,Neutral,0.79
1947,64.9,Neutral,0.95
1948,64.93333333333334,Neutral,0.97
1949,64.96666666666667,Neutral,0.97
1950,65.0,Neutral,0.93
1951,65.03333333333333,Neutral,0.89
1952,65.06666666666666,Neutral,0.95
1953,65.1,Neutral,1.0
1954,65.13333333333334,Neutral,0.99
1955,65.16666666666667,Neutral,0.99
1956,65.2,Neutral,0.99
1957,65.23333333333333,Neutral,0.96
1958,65.26666666666667,Neutral,0.93
1959,65.3,Neutral,0.97
1960,65.33333333333333,Neutral,0.98
1961,65.36666666666666,Neutral,0.98
1962,65.4,Neutral,0.96
1963,65.43333333333334,Neutral,0.9
1964,65.46666666666667,Neutral,0.95
1965,65.5,Neutral,0.96
1966,65.53333333333333,Neutral,0.94
1967,65.56666666666666,Neutral,0.95
1968,65.6,Neutral,0.97
1969,65.63333333333334,Neutral,0.99
1970,65.66666666666667,Neutral,0.99
1971,65.7,Neutral,0.96
1972,65.73333333333333,Neutral,0.99
1973,65.76666666666667,Neutral,0.99
1974,65.8,Neutral,1.0
1975,65.83333333333333,Neutral,1.0
1976,65.86666666666666,Neutral,0.99
1977,65.9,Neutral,0.99
1978,65.93333333333334,Neutral,1.0
1979,65.96666666666667,Neutral,0.98
1980,66.0,Neutral,0.96
1981,66.03333333333333,Neutral,0.97
1982,66.06666666666666,Neutral,1.0
1983,66.1,Neutral,0.97
1984,66.13333333333334,Neutral,0.96
1985,66.16666666666667,Neutral,0.97
1986,66.2,Neutral,1.0
1987,66.23333333333333,Neutral,1.0
1988,66.26666666666667,Neutral,1.0
1989,66.3,Neutral,1.0
1990,66.33333333333333,Neutral,0.97
1991,66.36666666666666,Neutral,0.99
1992,66.4,Neutral,1.0
1993,66.43333333333334,Neutral,1.0
1994,66.46666666666667,Neutral,1.0
1995,66.5,Neutral,0.99
1996,66.53333333333333,Neutral,0.96
1997,66.56666666666666,Neutral,1.0
1998,66.6,Neutral,1.0
1999,66.63333333333334,Neutral,1.0
2000,66.66666666666667,Neutral,1.0
2001,66.7,Neutral,1.0
2002,66.73333333333333,Neutral,0.98
2003,66.76666666666667,Neutral,0.98
2004,66.8,Neutral,0.95
2005,66.83333333333333,Neutral,0.96
2006,66.86666666666666,Neutral,0.96
2007,66.9,Neutral,0.57
2008,66.93333333333334,Serve,0.77
2009,66.96666666666667,Serve,0.87
2010,67.0,Serve,0.87
2011,67.03333333333333,Serve,0.94
2012,67.06666666666666,Serve,0.86
2013,67.1,Serve,0.89
2014,67.13333333333334,Serve,0.93
2015,67.16666666666667,Serve,0.93
2016,67.2,Serve,0.97
2017,67.23333333333333,Serve,0.96
2018,67.26666666666667,Serve,0.95
2019,67.3,Serve,0.89
2020,67.33333333333333,Serve,0.92
2021,67.36666666666666,Serve,0.92
2022,67.4,Serve,0.94
2023,67.43333333333334,Serve,0.97
2024,67.46666666666667,Serve,0.99
2025,67.5,Serve,0.98
2026,67.53333333333333,Serve,0.99
2027,67.56666666666666,Serve,0.97
2028,67.6,Serve,1.0
2029,67.63333333333334,Serve,0.96
2030,67.66666666666667,Serve,0.96
2031,67.7,Serve,0.98
2032,67.73333333333333,Serve,1.0
2033,67.76666666666667,Serve,1.0
2034,67.8,Serve,0.99
2035,67.83333333333333,Serve,1.0
2036,67.86666666666666,Serve,1.0
2037,67.9,Serve,0.99
2038,67.93333333333334,Serve,1.0
2039,67.96666666666667,Serve,0.96
2040,68.0,Serve,0.93
2041,68.03333333333333,Serve,0.87
2042,68.06666666666666,Serve,0.99
2043,68.1,Serve,0.98
2044,68.13333333333334,Serve,0.99
2045,68.16666666666667,Serve,0.95
2046,68.2,Serve,0.91
2047,68.23333333333333,Serve,0.92
2048,68.26666666666667,Serve,0.91
2049,68.3,Serve,0.99
2050,68.33333333333333,Serve,1.0
2051,68.36666666666666,Serve,1.0
2052,68.4,Serve,0.97
2053,68.43333333333334,Serve,0.72
2054,68.46666666666667,Neutral,0.8
2055,68.5,Neutral,0.96
2056,68.53333333333333,Neutral,0.95
2057,68.56666666666666,Neutral,0.99
2058,68.6,Neutral,0.96
2059,68.63333333333334,Neutral,0.97
2060,68.66666666666667,Neutral,0.94
2061,68.7,Neutral,0.85
2062,68.73333333333333,Neutral,0.95
2063,68.76666666666667,Neutral,0.98
2064,68.8,Neutral,0.97
2065,68.83333333333333,Neutral,0.99
2066,68.86666666666666,Neutral,0.97
2067,68.9,Neutral,1.0
2068,68.93333333333334,Neutral,0.99
2069,68.96666666666667,Neutral,1.0
2070,69.0,Neutral,1.0
2071,69.03333333333333,Neutral,0.98
2072,69.06666666666666,Neutral,0.98
2073,69.1,Neutral,1.0
2074,69.13333333333334,Neutral,1.0
2075,69.16666666666667,Neutral,1.0
2076,69.2,Neutral,0.99
2077,69.23333333333333,Neutral,1.0
2078,69.26666666666667,Neutral,1.0
2079,69.3,Neutral,0.99
2080,69.33333333333333,Neutral,0.99
2081,69.36666666666666,Neutral,1.0
2082,69.4,Neutral,1.0
2083,69.43333333333334,Neutral,1.0
2084,69.46666666666667,Neutral,0.98
2085,69.5,Neutral,1.0
2086,69.53333333333333,Neutral,0.98
2087,69.56666666666666,Neutral,0.94
2088,69.6,Neutral,0.97
2089,69.63333333333334,Neutral,0.94
2090,69.66666666666667,Neutral,0.95
2091,69.7,Neutral,0.95
2092,69.73333333333333,Neutral,0.99
2093,69.76666666666667,Neutral,1.0
2094,69.8,Neutral,0.99
2095,69.83333333333333,Neutral,0.98
2096,69.86666666666666,Neutral,0.96
2097,69.9,Neutral,0.96
2098,69.93333333333334,Neutral,0.97
2099,69.96666666666667,Neutral,0.94
2100,70.0,Neutral,0.94
2101,70.03333333333333,Neutral,0.98
2102,70.06666666666666,Neutral,0.97
2103,70.1,Neutral,0.97
2104,70.13333333333334,Neutral,0.87
2105,70.16666666666667,Neutral,0.92
2106,70.2,Neutral,0.8
2107,70.23333333333333,Neutral,0.89
2108,70.26666666666667,Neutral,0.92
2109,70.3,Neutral,0.99
2110,70.33333333333333,Neutral,0.99
2111,70.36666666666666,Neutral,1.0
2112,70.4,Neutral,1.0
2113,70.43333333333334,Neutral,0.98
2114,70.46666666666667,Neutral,0.99
2115,70.5,Neutral,0.99
2116,70.53333333333333,Neutral,0.98
2117,70.56666666666666,Neutral,0.97
2118,70.6,Neutral,0.95
2119,70.63333333333334,Neutral,0.97
2120,70.66666666666667,Neutral,0.96
2121,70.7,Neutral,0.97
2122,70.73333333333333,Neutral,1.0
2123,70.76666666666667,Neutral,1.0
2124,70.8,Neutral,0.98
2125,70.83333333333333,Neutral,1.0
2126,70.86666666666666,Neutral,0.92
2127,70.9,Neutral,0.95
2128,70.93333333333334,Neutral,0.96
2129,70.96666666666667,Neutral,0.98
2130,71.0,Neutral,1.0
2131,71.03333333333333,Neutral,0.99
2132,71.06666666666666,Neutral,0.99
2133,71.1,Neutral,0.98
2134,71.13333333333334,Neutral,0.99
2135,71.16666666666667,Neutral,0.99
2136,71.2,Neutral,0.98
2137,71.23333333333333,Neutral,1.0
2138,71.26666666666667,Neutral,1.0
2139,71.3,Neutral,0.98
2140,71.33333333333333,Neutral,0.97
2141,71.36666666666666,Neutral,0.91
2142,71.4,Neutral,0.99
2143,71.43333333333334,Neutral,1.0
2144,71.46666666666667,Neutral,1.0
2145,71.5,Neutral,0.98
2146,71.53333333333333,Neutral,1.0
2147,71.56666666666666,Neutral,0.99
2148,71.6,Neutral,0.98
2149,71.63333333333334,Neutral,0.98
2150,71.66666666666667,Neutral,0.97
2151,71.7,Neutral,0.98
2152,71.73333333333333,Neutral,0.98
2153,71.76666666666667,Neutral,0.97
2154,71.8,Neutral,0.95
2155,71.83333333333333,Neutral,0.97
2156,71.86666666666666,Neutral,0.99
2157,71.9,Neutral,1.0
2158,71.93333333333334,Neutral,0.96
2159,71.96666666666667,Neutral,0.97
2160,72.0,Neutral,0.97
2161,72.03333333333333,Neutral,0.97
2162,72.06666666666666,Neutral,0.98
2163,72.1,Neutral,0.98
2164,72.13333333333334,Neutral,0.98
2165,72.16666666666667,Neutral,0.99
2166,72.2,Neutral,0.97
2167,72.23333333333333,Neutral,0.95
2168,72.26666666666667,Neutral,0.93
2169,72.3,Neutral,0.96
2170,72.33333333333333,Neutral,0.83
2171,72.36666666666666,Neutral,0.95
2172,72.4,Neutral,0.94
2173,72.43333333333334,Neutral,0.91
2174,72.46666666666667,Neutral,0.97
2175,72.5,Neutral,0.95
2176,72.53333333333333,Neutral,0.97
2177,72.56666666666666,Neutral,0.96
2178,72.6,Neutral,1.0
2179,72.63333333333334,Neutral,1.0
2180,72.66666666666667,Neutral,0.93
2181,72.7,Neutral,0.95
2182,72.73333333333333,Neutral,0.94
2183,72.76666666666667,Neutral,0.98
2184,72.8,Neutral,0.95
2185,72.83333333333333,Neutral,0.92
2186,72.86666666666666,Neutral,0.94
2187,72.9,Neutral,0.95
2188,72.93333333333334,Neutral,0.96
2189,72.96666666666667,Neutral,0.92
2190,73.0,Neutral,0.96
2191,73.03333333333333,Neutral,0.95
